method	workers	mbps	speedup	efficiency
pigz	1	17.45446876471313	1.0	1.0
pigzpp zlib	1	48.91492585243333	1.0	1.0
pigzpp isal	1	198.6796202741931	1.0	1.0
pigz	2	35.87094780307307	2.0551154140876324	1.0275577070438162
pigzpp zlib	2	93.3002658766138	1.9073986978551758	0.9536993489275879
pigzpp isal	2	351.71641761965697	1.7702692260749309	0.8851346130374654
pigz	4	71.39862334304503	4.090564101692298	1.0226410254230744
pigzpp zlib	4	183.74139144449222	3.756346109954326	0.9390865274885815
pigzpp isal	4	680.757717569194	3.426409395335547	0.8566023488338868
pigz	5	90.22626995183295	5.169236094669298	1.0338472189338597
pigzpp zlib	5	225.09794853074192	4.601825406212778	0.9203650812425556
pigzpp isal	5	879.4503351535553	4.426474813772276	0.8852949627544552
pigz	8	137.18359507290575	7.859511333294961	0.9824389166618701
pigzpp zlib	8	318.3623486158772	6.508490876104229	0.8135613595130287
pigzpp isal	8	1157.8974693342832	5.827962967395931	0.7284953709244913
pigz	10	162.26236925388537	9.296322416980313	0.9296322416980314
pigzpp zlib	10	349.82415968961135	7.151685371965232	0.7151685371965232
pigzpp isal	10	1097.4738711636508	5.523837168850297	0.5523837168850296
