corpus	level	method	mbps	ratio
txt	1	pigz	348.1957731903191	2.4011235487711207
txt	1	pigzpp zlib	849.9496092322087	1.877660735907737
txt	1	pigzpp isal	1187.352488005902	2.4455254271715776
txt	6	pigz	108.63330462275233	2.82552942522302
txt	6	pigzpp zlib	245.0557038595897	2.8113368543574038
txt	6	pigzpp isal	920.5465510111713	2.580211545555961
txt	9	pigz	75.24787191677281	2.8348386830783414
txt	9	pigzpp zlib	117.86940418056307	2.8313102651121214
txt	9	pigzpp isal	857.1689975585643	2.580211545555961
bin	1	pigz	187.78757235380198	0.9996947832939788
bin	1	pigzpp zlib	427.26165079962965	0.9481175327637124
bin	1	pigzpp isal	2467.6231675577105	0.9999183781016582
bin	6	pigz	190.79767411779994	0.9996947832939788
bin	6	pigzpp zlib	206.2158333096554	0.9996596020252156
bin	6	pigzpp isal	1043.8255420727025	0.9999183781016582
bin	9	pigz	192.03166084728136	0.9996947832939788
bin	9	pigzpp zlib	206.6602668802344	0.9996947832939788
bin	9	pigzpp isal	1162.3460200087454	0.9999183781016582
